Donghyun,Golden Child,Â Kim Dong Hyun,!NONE!NATIONALITY!,M
Joochan,Golden Child,Â Hong Joo Chan,!NONE!NATIONALITY!,M
Jibeom,Golden Child,Â Kim Jibeom,!NONE!NATIONALITY!,M
Bomin,Golden Child,Â Choi Bomin,Korean,M
Swan,!NONE!GROUP!,Park Su Jin,Korean,F
Chaein,!NONE!GROUP!,Lee Chae Young,Korean,F
Yuki,Purple K!SS,Mori Koyuki,Japanese,F
Ireh,!NONE!GROUP!,Cho Seo Young,Korean,F
Dosie,Purple K!SS,Jang Eun Seong,Korean,F
Goeun,Purple K!SS,Na Go Eun,Korean,F
Jieun,Purple K!SS,Park Ji Eun,Korean,F
TAG,Golden Child,Â Son Youngtaek,!NONE!NATIONALITY!,M
Jangjun,Golden Child,Â Lee Jangjun,!NONE!NATIONALITY!,M
Y,Golden Child,Â Choi Seongyoon,!NONE!NATIONALITY!,M
Yeolmae,!NONE!GROUP!,Im Ji Yeong,!NONE!NATIONALITY!,F
Gaga,!NONE!GROUP!,Li Jia Jia,!NONE!NATIONALITY!,F
Sunshine,Nature,Kim Min Jung,!NONE!NATIONALITY!,F
Uchae,Nature,Â Woo Hye Jun,!NONE!NATIONALITY!,F
Loha,Nature,Kang Ye Jin,!NONE!NATIONALITY!,F
Haru,Nature,Abe Haruno,!NONE!NATIONALITY!,F
Chaebin,Nature,Choi Yu Bin,!NONE!NATIONALITY!,F
Saebom,Nature,Kim Sae Rok,!NONE!NATIONALITY!,F
Aurora,Nature,Wang Mengyu,!NONE!NATIONALITY!,F
Lu,Nature,Im Ha Young,!NONE!NATIONALITY!,F
Siyoon,Mystic Story Girls,Kim Siyoon,Korean,F
Sua,Mystic Story Girls,Moon Su A,Korean,F
Suhyeon,Mystic Story Girls,Kim Su Hyeon,Korean,F
Soomin,Former Mystic Story Girls,Lee Soo Min,Korean,F
Tsuki,Mystic Story Girls,Fukutomi Tsuki,Japanese,F
Haram,Mystic Story Girls,Kim Ha Ram,Korean,F
Chengxin,TNT,Â Ding Cheng â€¦,!NONE!NATIONALITY!,M
Junseo,DKB,"Hwang Jun-seoÂ (í™©ì¤€ì„œ) Position: Rapper, Dancer, DJ Birthday: January 16, 2001 Zodiac Sign: Capricorn Chinese Zodiac Sign: Dragon â€¦",!NONE!NATIONALITY!,M
Yonghee,CIX,Â Kim Yonghee,Â Korean,M
Hyunsuk,CIX,Â Yoon Hyunsuk,Â Korean,M
Seunghun,CIX,Â Kim Seunghun,Â Korean,F
Midday,Weeekly,Â Kim Ji Min,Korean,F
Jiyoon,Weeekly,Â Shin Ji Yoon,Korean,F
Jisoo,Busters,Jeong Ji Su,!NONE!NATIONALITY!,F
Chaeyeon,Busters,Kim Chae Yeon,!NONE!NATIONALITY!,F
Green,RedSquare,Kim Ji Won,Korean,F
Lena,GWSN,Kang Lena,Â Korean,F
Daeyeol,Golden Child,Â Lee Daeyeol,!NONE!NATIONALITY!,M
XB,CIX,Â Lee Byoung Gon,Â Korean,M
Shawn,ONEUS,Â Son Dong Ju,!NONE!NATIONALITY!,M
Keonhee,ONEUS,"Lee Keon-heeÂ (ì´ê±´í¬) Position: Main Vocalist Birthday: June 27, 1998 Zodiac Sign: Cancer Height: 181 cm",Korean,M
H,BECZ,Â Yang Seung Ho,!NONE!NATIONALITY!,M
P.P.,Block B,Pyo Ji-hoon,!NONE!NATIONALITY!,M
Raven,ONEUS,Â Kim Young Jo,!NONE!NATIONALITY!,M
Anne,GWSN,Lee Seo-Young,Korean,F
Soso,GWSN,Soso,!NONE!NATIONALITY!,F
Minjae,MCND,Â Song Min Jae,Â Korean,M
Huijun,MCND,"Â No Hui Jun(ë…¸íœ˜ì¤€) Birthday:Â October 7th, 2003 Zodiac Sign:Â Libra Height:Â 176 cm",Â Korean,M
Dolee,ONEUS,Â Kim Gun Hak,Korean,M
Win,MCND,Â Bang Jun Hyuk,Â Korean,M
Yejun,E'LAST,"Oh Ye-junÂ (ì˜¤ì˜ˆì¤€) Position: Sub-Vocalist, Maknae Birthday: August 23, 2002 Zodiac Sign: Virgo Chinese Zodiac Sign: Horse Height: 178 cm",!NONE!NATIONALITY!,M
Wonjun,E'LAST,"Lee Won-junÂ (ì´ì›ì¤€) Position: Main Rapper, Vocalist Birthday: March 8, 2002 Zodiac Sign: Pisces Chinese Zodiac Sign: Horse Height: 171 cm",!NONE!NATIONALITY!,M
CAB,MCND,Â Nam Seung Min,Â Korean,M
Wonhyuk,E'LAST,Won Hyuk,!NONE!NATIONALITY!,M
Minseo,Woo!Ah!,Kim Minseo,!NONE!NATIONALITY!,F
Romin,E'LAST,"Choi Young-minÂ (ìµœì˜ë¯¼) Position: Dancer, Sub-Vocalist Birthday: April 24, 2001 Zodiac Sign: Taurus Chinese Zodiac Sign: Snake Height: 179 cm",!NONE!NATIONALITY!,M
Songyee,Woo!Ah!,Park Songyee,!NONE!NATIONALITY!,F
Baekgyeul,E'LAST,"Baek Sun-wooÂ (ë°±ì„ ìš°) Position: Lead Vocalist Birthday: December 1, 1999 Zodiac Sign: Sagittarius Chinese Zodiac Sign: Rabbit Height: 180 cm",!NONE!NATIONALITY!,M
Seungyeop,E'LAST,"Choi Seung-yeopÂ (ìµœìŠ¹ì—½) Position: Vocalist, Visual Birthday: May 8, 1997 Zodiac Sign: Taurus Chinese Zodiac Sign: Ox Height: 176 cm",!NONE!NATIONALITY!,M
In,E'LAST,"Choi InÂ (ìµœì¸) Position: Vocalist, Dancer Birthday: February 11, 1996 Zodiac Sign: Aquarius Chinese Zodiac Sign: Rat Height: 170 cm",!NONE!NATIONALITY!,M
Rano,E'LAST,"Byun Yong-seopÂ (ë³€ìš©ì„­) Position: Leader, Main Dancer, Rapper Birthday: December 10, 1998 Zodiac Sign: Sagittarius Chinese Zodiac Sign: Tiger Height: 175 cm",!NONE!NATIONALITY!,M
Soeun,WEEKLY,Â Park So Eun,Korean,F
Doyoung,TREASURE,Kim Do Young,Korean,M
Haruto,TREASURE,Watanabe Haruto,Japanese,M
Hyunsuk,TREASURE,Choi Hyun Suk,Korean,M
Jaehyuk,TREASURE,Yoon Jaehyuk,Korean,M
Jeongwoo,TREASURE,Park Jeong Woo,Korean,M
Jihoon,TREASURE,Park Ji Hoon,Korean,M
Junghwan,TREASURE,So Jung Hwan,Korean,M
Junkyu,TREASURE,Kim Jun Kyu,Korean,M
Kyeongheon,WE IN THE ZONE,Â Yoon Kyeong Heon,!NONE!NATIONALITY!,M
Mashiho,TREASURE,Takata Mashiho,Japanese,M
Yedam,TREASURE,Bang Ye Dam,Korean,M
Yoshi,TREASURE,Kanemoto Yoshinori,Japanese,M
Asahi,TREASURE,Hamada Asahi,Japanese,M
Jooan,WE IN THE ZONE,Â Im Ji Myoung,!NONE!NATIONALITY!,M
Yechan,Pink Fantasy,Â Kim Ye Chan,!NONE!NATIONALITY!,F
Wooyeon,Woo!Ah!,Â Park Jinkyung,!NONE!NATIONALITY!,F
Minji,Busters,Jeon Min Ji,!NONE!NATIONALITY!,F
Harin,Pink Fantasy,Park Geun Hye,!NONE!NATIONALITY!,F
Mansion,MCND,Â Son Seong Jun,Â Korean,M
Seungeun,BVNDIT,"Shim Seung-eunÂ (ì‹¬ìŠ¹ì€) Position: Main Dancer, Vocalist, Rapper, Center, Maknae Birthday: December 27, 2000 Zodiac Sign: Capricorn Chinese Zodiac Sign: Dragon Height: 166 cm",!NONE!NATIONALITY!,F
Simyeong,BVNDIT,"Lee Si-myeongÂ (ì´ì‹œëª…) Position: Lead Dancer, Vocalist Birthday: May 27, 1999 Zodiac Sign: Gemini Chinese Zodiac Sign: Rabbit Height: 171 cm",,F
Insoo,Off The Cuff,Â Lee Insoo,!NONE!NATIONALITY!,M
Peter,Off The Cuff,Â Cho Kyumin,Â Korean,M
Jungwoo,BVNDIT,"JungwooÂ (ì •ìš°) Birth Name: Uhm Jung-wooÂ (ì—„ì •ìš°) Birthday: April 2, 1999 Zodiac Sign: Aries Chinese Zodiac Sign: Rabbit Height: 164 cm",Korean,F
Chie,Yumi,Â Lee So Hee,!NONE!NATIONALITY!,M
Sora,Woo!Ah!,Â Sakata Sora,Japanese.,F
Takara,Busters,Yasuda Takara,!NONE!NATIONALITY!,F
Lucy,WOO!AH!,Â Kim Da Eun,!NONE!NATIONALITY!,F
Songhee,BVNDIT,"SongheeÂ (ì†¡í¬) Birth Name: Yoon Song-heeÂ (ìœ¤ì†¡í¬) Position: Lead Vocalist Birthday: November 8, 1998 Zodiac Sign: Scorpio Height: 168 cm",Korean,F
Chaejeong,ELRIS,Â Lee Chae-jeong,!NONE!NATIONALITY!,F
Nana,Woo!Ah!,Â Nana,!NONE!NATIONALITY!,F
Yiyeon,BVNDIT,"Jung Da-solÂ (ì •ë‹¤ì†”) Position: Leader, Main Rapper, Lead Vocalist, Visual, Face of the Group Birthday: May 28, 1995 Zodiac Sign: Gemini Chinese Zodiac Sign: Pig Height: 168 cm â€¦",!NONE!NATIONALITY!,F
EJ,ELRIS,Â Kim Eun-ji,!NONE!NATIONALITY!,F
Jaehee,Weeekly,Lee Jae Hee,Korean,M
Soojin,WEEEKLY,Â Lee Soo Jin,Â Korean,F
Sunggyu,Infinite,Â Kim Sung Gyu,!NONE!NATIONALITY!,M
Jihan,Weeekly,Han Ji Hyo,Korean,F
Yeseo,Ex-Busters,Kang Ye Seo,!NONE!NATIONALITY!,F
Zoa,Weeekly,Jo Hye Won,Korean,F
Naga,Pink Fantasy,Â Lee Sang Ah,!NONE!NATIONALITY!,F
Pang,Pink Fantasy,Â Park Ye Rim,!NONE!NATIONALITY!,M
108,DKB,"Jang Dong-ilÂ (ìž¥ë™ì¼) Position: Leader, Vocalist, Dancer, Acrobatic Birthday: February 15, 1998 Zodiac Sign: Aquarius Chinese Zodiac Sign: Tiger Height: 174 cm â€¦",!NONE!NATIONALITY!,M
B:tsun,D:amant,Â Lim Seul-Gi,!NONE!NATIONALITY!,F
Lilin,D:amant,Â Lim Ji Hyun,!NONE!NATIONALITY!,F
Eunkwang,BTOB,Â Seo Eun Kwang,!NONE!NATIONALITY!,M
Lee Woo,!NONE!GROUP!,Â Lee Kyung-Tak,!NONE!NATIONALITY!,M
Yujung,WhiteDay,Kang Yu-jung,!NONE!NATIONALITY!,F
Eunji,WhiteDay,"Oh Eun-jiÂ (ì˜¤ì€ì§€) Position: Main Vocalist Birthday: May 24, 1999 Zodiac Sign: Gemini Height: 161 cm",Korean,F
Jihye,WhiteDay,"Lee Ji-hyeÂ (ì´ì§€í˜œ) Position: Leader, Vocalist* Birthday: November 12, 1999 Zodiac Sign: Scorpio Height: 162 cm",Korean,F
Ryeowon,PRISM,"Ham Ye-jiÂ (í•¨ì˜ˆì§€) Position: Main Dancer, Vocalist, Rapper, Maknae Birthday: July 8, 1994 Zodiac Sign: Cancer Height: 167 cm",!NONE!NATIONALITY!,F
Terra,PRISM,So-ra,Korean,F
Yoonseol,PRISM,"Jang Ha-yulÂ (ìž¥í•˜ìœ¨) Position: Lead Vocalist Birthday: April 22, 1990 Zodiac Sign: Taurus Height: 164 cm",Korean,F
Dakyung,PRISM,"Kim Da-kyungÂ (ê¹€ë‹¤ê²½) Position: Leader, Sub-Vocalist Birthday: August 10, 1989 Zodiac Sign: Leo Height: 175 cm",!NONE!NATIONALITY!,F
PK,DKB,"Kim Gwang-hyunÂ (ê¹€ê´‘í˜„) Position: Rapper Birthday: September 29, 1998 Zodiac Sign: Libra Chinese Zodiac Sign: Tiger Height: 177 cm",!NONE!NATIONALITY!,M
Yoon,WINNER,Â Kang Seung Yoon,!NONE!NATIONALITY!,M
Yoonhye,Fanatics,Jung Yoon Hye,!NONE!NATIONALITY!,F
Rayeon,Fanatics,Â Lee Na Yeon,!NONE!NATIONALITY!,F
Via,Fanatics,"Kim Bi AhÂ (ê¹€ë¹„ì•„) Birthday: August 10, 2000 Astrological Sign:Â Leo Chinese Zodiac Sign:Â Dragon Height:Â 165 cm",!NONE!NATIONALITY!,F
Doi,Fanatics,"Kim Do YeeÂ (ê¹€ë„ì´) Birthday: April 12, 1994 Astrological Sign: Aries Chinese Zodiac Sign: Dog Height: 170 cm",!NONE!NATIONALITY!,F
Chiayi,Fanatics,"Â LiÂ JiayiÂ (TC â€“ æŽå®¶å„€; SC â€“ æŽå®¶ä»ª) Birthday: January 22, 2000 Astrological Sign: Aquarius Chinese Zodiac Sign:Â Rabbit Height: 164 cm",!NONE!NATIONALITY!,F
Chaelin,Fanatics,"Lee Chae LinÂ (ì´ì±„ë¦°) Birthday: October 20, 1999 Astrological Sign: Libra Chinese Zodiac Sign: Rabbit Height: 162 cm",!NONE!NATIONALITY!,F
Sika,Fanatics,Lian Si JiaÂ (å»‰æ–¯å˜‰) Japanese Name: Ren Shika,!NONE!NATIONALITY!,F
Hyejeong,flor_us,"Jin Hye-jeongÂ (ì§„í˜œì •) Position:Â Main Dancer, Vocalist, Rapper, Maknae Birthday: November 5, 1998 Zodiac Sign: Scorpio Height: 166 cm",!NONE!NATIONALITY!,F
Jisong,flor_us,"Jung Ji-songÂ (ì •ì§€ì†¡) Position: Vocalist Birthday: April 24, 1998 Zodiac Sign: Taurus Height:Â 161 cm",!NONE!NATIONALITY!,F
Suhwa,flor_us,"Lee Soo-hyeonÂ (ì´ìˆ˜í˜„) Position: Vocalist Birthday: December 15, 1997 Zodiac Sign: Sagittarius Height:Â 163 cm",!NONE!NATIONALITY!,F
Jinhyeon,flor_us,"Kim Jin-hyeonÂ (ê¹€ì§„í˜„) Position: Leader, Vocalist Birthday: October 30, 1995 Zodiac Sign: Scorpio Height:Â 166 cm",!NONE!NATIONALITY!,F
Aesa,WE IN THE ZONE,Kim Jeongmin,!NONE!NATIONALITY!,M
Rune,DKB,Jung Sung Min,Korean,M
Myou,!NONE!GROUP!,!NONE!NAME!,N/A,F
Doa,Fanatics,Â Kim Do-Ah,!NONE!NATIONALITY!,F
Hana,!NONE!GROUP!,Lee Ha-na,Korean,F
Chaelin,!NONE!GROUP!,Kim Chae-li,Korean,F
Denise,Secret Number,"Â Denise Kim Probable Position:Â Main Vocalist, Maknae Birthday:Â January 11, 2001 Zodiac Sign:Â Capricorn Nationality:Â Korean-American Height:Â TBA Weight:Â TBA Blood Type:Â TBA Instagram: @denisethewenise Denise Facts: â€“ She was born in Houston, Texas, USA.",!NONE!NATIONALITY!,F
Soyee,Gugudan,Jang So-jin,Korean,F
LÃ©a,Secret Number,Â Ogawa Mizuki,Â Japanese,F
Naeun,APRIL,LeeÂ Na-Eun,Korean,F
Soodam,Secret Number,Â Lee Soo Dam,Â Korean,F
Dita,Secret Number,"Â Anak Agung Ayu Puspa Aditya Karang English Name:Â Dita Karang Birthday:Â December 25, 1996 Zodiac Sign:Â Capricorn Nationality:Â Indonesian Height: 162 cm",!NONE!NATIONALITY!,F
Jinny,Secret Number,Â Jinny Park Korean Name:Â Park Jin Hee,Â American,F
Sunn,Cignature,Â Hwang Ji Won,Â Korean,F
Semi,Cignature,Â Goo Se Mi,Â Korean,F
Chaesol,Cignature,Â Moon Chae Sol,Â Korean,F
Belle,Cignature,Â Jin Hyeon Ju,Â Koreanâ€“Filipina,F
Nayoung,Gugudan,Kim Na-young,Korean,F
Heechan,DKB,"Yang Hee-chanÂ (ì–‘í¬ì°¬) Position: Rapper, Dancer Birthday: July 31, 1999 Zodiac Sign: Leo Chinese Zodiac Sign: Rabbit Height: 176 cm",!NONE!NATIONALITY!,M
Seulgi,!NONE!GROUP!,Seulgi,!NONE!NATIONALITY!,F
Dohee,!NONE!GROUP!,Min Dohee,!NONE!NATIONALITY!,F
Tae,!NONE!GROUP!,Lee Tae,!NONE!NATIONALITY!,M
Jongkook,!NONE!GROUP!,Kim Jong Kook,!NONE!NATIONALITY!,M
Eungyo,!NONE!GROUP!,Seo Eun-gyo,!NONE!NATIONALITY!,F
B-Chan,DKB,Lee Chang Min,Korean,M
Kuni,WINNER,Lee Seung Hoon,!NONE!NATIONALITY!,F
Jinu,WINNER,Â Kim Jin Woo,!NONE!NATIONALITY!,F
Lina,RedSquare,Lina,!NONE!NATIONALITY!,F
Hee,!NONE!GROUP!,Park Hee,!NONE!NATIONALITY!,M
Haeri,!NONE!GROUP!,Â Lee Hae Ri,Korean,F
Shinwon,Pentagon,Â Ko Shin Won,Â Korean,M
Yuji,3YE,Â Son Yu Ji,!NONE!NATIONALITY!,F
Haeun,3YE,Â Yoon Ha Eun,!NONE!NATIONALITY!,F
Yurim,3YE,Â Park Yu Rim,!NONE!NATIONALITY!,F
Haebin,Gugudan,Han Hae-bin,Korean,F
Hongseok,Pentagon,Â Yang Hong Seok,Â Korean,M
Mimi,Gugudan,Jung Mi Mi,Korean,F
Jinho,Pentagon,Â Jo Jin Ho,Â Korean,M
Hana,Gugudan,Shin Bo Ra,Korean,F
Jiwoo,KARD,Â Jeon Ji Woo,!NONE!NATIONALITY!,F
Hwanwoong,ONEUS,Yeo Hwanwoong,!NONE!NATIONALITY!,M
Hui,Pentagon,Â Lee Hoe Taek,Â Korean,M
D.lan,KARD,Â Kim Tae Hyung,!NONE!NATIONALITY!,M
Seolhee,!NONE!GROUP!,Ban Seol-hee,!NONE!NATIONALITY!,F
Dowoon,Day6,Â Yoon Do Woon,!NONE!NATIONALITY!,M
Elly,Weki Meki,Elly,!NONE!NATIONALITY!,F
Banpil,Day6,Â Kim Won Pil,!NONE!NATIONALITY!,M
Lua,Weki Meki,"Kim Soo Kyung Position: Main Dancer, Vocalist, Rapper Birthday: October 6, 2000 Zodiac Sign: Libra Height: 166 cm",!NONE!NATIONALITY!,F
Lucy,Weki Meki,NohÂ Hyo-jung,!NONE!NATIONALITY!,F
Suyeon,Weki Meki,Ji Su-yeon,!NONE!NATIONALITY!,F
Sei,Weki Meki,Lee Seo Jeong,!NONE!NATIONALITY!,F
Rina,Weki Meki,Kang So-eun,!NONE!NATIONALITY!,F
Sungjin,Day6,Â Park Sung Jin,Korean,M
Nari,!NONE!GROUP!,Nari,!NONE!NATIONALITY!,F
Chanmi,AOA,Â Kim Chan Mi,Â Korean,F
Seolhyun,AOA,Â Kim Seol Hyun,Â Korean,F
Hyejeong,AOA,Â Shin Hye Jeong,Â Korean,F
Yuna,AOA,Â Seo Yu Na,Â Korean,F
Jimin,ex-AOA,Â Shin Ji Min â€¦,!NONE!NATIONALITY!,F
Yebin,DIA/UNI.T,Â Baek Ye Bin,!NONE!NATIONALITY!,F
Seongmin,CRAVITY,Â Ahn Seong Min,Â Korean,M
Taeyoung,CRAVITY,Â Kim Tae Young,Â Korean,M
Wonjin,CRAVITY,Â Ham Won JinÂ (í•¨ì›ì§„) Chinese Name: XiÃ¡n YuÃ¡n jÃ¬n,Â Korean,M
Woobin,CRAVITY,Â Seo Woo Bin,Â Korean,M
Jungmo,CRAVITY,Â Koo Jung Mo,Â Korean,M
Allen,CRAVITY,Â Allen,Â Taiwanese,M
Serim,CRAVITY,Â Park Se Rim,Â Korean,M
Bada,HINAPIA,Kim Ba Da,!NONE!NATIONALITY!,F
Yaebin,HINAPIA,Kang Yae Bin,!NONE!NATIONALITY!,F
Eunwoo,HINAPIA,Jung Eun Woo,!NONE!NATIONALITY!,F
Gyeongwon,HINAPIA,Kang Kyung Won,!NONE!NATIONALITY!,F
Chan,A.C.E,Â Kang Yuchan,Â Korean,M
Byeongkwan,A.C.E,Â Kim Byeongkwan,Â Korean,M
Wow,A.C.E,Â Kim Sehyoon,Â Korean,M
Donghun,A.C.E,Â Lee Donghun,Â Korean,M
Jun,A.C.E,Â Park Junhee,Korean,M
Minkyeung,HINAPIA,Â Kim Min Kyung,!NONE!NATIONALITY!,F
Yiren,Everglow,Â Wang Yiren,Chinese,F
Aisha,Everglow,Â Heo Yoorim,Â Korean,M
Onda,Everglow,Â Jo Serim,Â Korean,F
Mia,Everglow,Â Han Eunji,Â Korean,F
Sihyeon,Everglow,Kim Sihyeon,Â Korean,F
A:I,Everglow,Â Park Jiwon,Korean,F
Bella,ELRIS,Â Choi Yoon-ah,!NONE!NATIONALITY!,F
Dami,Dreamcatcher,Â Lee Yu-bin,!NONE!NATIONALITY!,F
Siyeon,Dreamcatcher,"Lee SiyeonÂ (ì´ì‹œì—°) English Name: Monica Position: Main Vocalist Birthday: October 1, 1995 Nationality: Korean Zodiac Sign: Libra Height: 166 cm",!NONE!NATIONALITY!,F
Gahyeon,Dreamcatcher,"Â Lee Ga HyeonÂ (ì´ê°€í˜„) English Name:Â Lucy Lee Position: Vocalist, Rapper, Maknae Birthday:Â February 3, 1999 Zodiac Sign:Â Aquarius Nationality:Â Korean Height: 160 cm",!NONE!NATIONALITY!,F
Yoohyeon,Dreamcatcher,Kim Yoo Hyeon,Â Korean,F
Handong,Dreamcatcher,"Â Han DongÂ (éŸ“æ±) English Name:Â Della Han Position: Vocalist Birthday:Â March 26, 1996 Zodiac Sign:Â Aries Nationality:Â Chinese Height: 165 cm",!NONE!NATIONALITY!,F
Minwoo,!NONE!GROUP!,Ha Minwoo,!NONE!NATIONALITY!,M
Yejun,!NONE!GROUP!,Sim Yejun,!NONE!NATIONALITY!,M
Yuchen,The Untamed Boys,Jo Wook Jin,!NONE!NATIONALITY!,M
Jiheon,Fromis_9,Â BaekÂ Ji Heon,!NONE!NATIONALITY!,F
Nagyung,Fromis_9,Â Lee Na Gyung,!NONE!NATIONALITY!,F
Dasom,!NONE!GROUP!,Kim Da-som,!NONE!NATIONALITY!,F
Chaeyoung,Fromis_9,Â Lee Chae Young,!NONE!NATIONALITY!,F
Seoyeon,Fromis_9,Â LeeÂ Seo-yeon,!NONE!NATIONALITY!,F
Jisun,Fromis_9,"Â Roh Ji Sun(ë…¸ì§€ì„ ) Position:Â Lead Dancer, Vocalist, Center Birthday:Â November 23, 1998 Zodiac Sign:Â Sagittarius Height:Â 158 cm",!NONE!NATIONALITY!,F
Jiwon,Fromis_9,Â ParkÂ Ji Won,!NONE!NATIONALITY!,F
Gyuri,Fromis_9,Â JangÂ Gyu Ri,!NONE!NATIONALITY!,F
Hayo,Fromis_9,Â SongÂ Ha Young,!NONE!NATIONALITY!,F
Saerom,Fromis_9,Â Lee Sae Rom,!NONE!NATIONALITY!,F
Kyuhyun,Super Junior,Kyuhyun,!NONE!NATIONALITY!,M
Hyunsik,BTOB,Â Im Hyun Sik,!NONE!NATIONALITY!,M
Xiaoxu,!NONE!GROUP!,Xiao Zhan,!NONE!NATIONALITY!,M
Sungmin,Super Junior,Sungmin,!NONE!NATIONALITY!,M
Sooah,Dreamcatcher,"Kim Bo RaÂ (ê¹€ë³´ë¼) English Name:Â Alice Position: Main Dancer, Lead Rapper, and Vocalist Birthday: August 10, 1994 Nationality: Korean Zodiac Sign: Leo Height: 162 cm",!NONE!NATIONALITY!,F
Jiu,Dreamcatcher,Kim Min Ji,Korean,F
Penothy,BTOB,Â Shin Dong Geun,!NONE!NATIONALITY!,M
Young X,Day6,Kang Young Hyun,Korean,M
Kantae,!NONE!GROUP!,Kim Yoon Hwan,!NONE!NATIONALITY!,M
Jung,!NONE!GROUP!,Lee Jung,!NONE!NATIONALITY!,M
Yiben,!NONE!GROUP!,Wang Yibo,!NONE!NATIONALITY!,M
Jiyeon,T-Ara,Jiyeon,!NONE!NATIONALITY!,F
Ziya,!NONE!GROUP!,Wang Ziyi,!NONE!NATIONALITY!,M
Boreum,LAYSHA,Boreum,!NONE!NATIONALITY!,F
Sia,LAYSHA,"â€“ Birthday:Â October 25, 1995 Zodiac Sign:Â Scorpio Height:Â 167 cm",!NONE!NATIONALITY!,F
Chaejin,LAYSHA,Kim Chae Jin,!NONE!NATIONALITY!,F
Goeun,LAYSHA,Kim Goeun,!NONE!NATIONALITY!,F
Jaeyeon,!NONE!GROUP!,Kim Jayeon,â€¦,F
Saerom,!NONE!GROUP!,Oh Sae,!NONE!NATIONALITY!,M
ATWO,!NONE!GROUP!,IONE,!NONE!NATIONALITY!,M
Jun,U-Kiss,Lee Jun Young,!NONE!NATIONALITY!,M
Changjo,Teen Top,Changjo,!NONE!NATIONALITY!,M
Luri,!NONE!GROUP!,Â Luri,!NONE!NATIONALITY!,F
Daehyun,!NONE!GROUP!,Â Jang â€¦,!NONE!NATIONALITY!,M
Gaho,!NONE!GROUP!,Â Kang Dae-ho,!NONE!NATIONALITY!,M
Dohyon,X1,Nam Do Hyon,Korean,M
Hyeongjun,X1/CRAVITY,Song Hyeong Jun,Korean,M
Eun,!NONE!GROUP!,Lee Eun,!NONE!NATIONALITY!,M
Minhee,X1/CRAVITY,Kang Min Hee,Korean,M
Dongpyo,X1,Son Dong Pyo,Korean,M
Junho,X1,Cha Jun Ho,Korean,M
Hangyul,X1,Lee Han Gyul,Korean,M
Yohan,X1 & WEI,Kim Yo Han,Korean,M
Wooseok,UP10TION & X1,Â  Kim Wooseok,Korean,M
TREE,UNIQ & X1,WOODZ,!NONE!NATIONALITY!,M
Seungwoo,VICTON & X1,Han Seung Woo,Korean,M
Dahyun, Rocket Punch,Jeong Da Hyun,!NONE!NATIONALITY!,F
Sohee,Rocket Punch,Kim So Hee,!NONE!NATIONALITY!,F
Suyun,Rocket Punch,Kim Su YunÂ ,!NONE!NATIONALITY!,F
Yeonhee,Rocket Punch,Â Kim Yeon Hee,!NONE!NATIONALITY!,F
Yunkyoung,Rocket Punch,Seo Yun Kyoung,!NONE!NATIONALITY!,F
Juri,Rocket Punch,Â Juri,Japanese,F
Woosung,!NONE!GROUP!,Â Kim Woo Sung,!NONE!NATIONALITY!,M
Yuvin,MYTEEN,Song Yu Vin,Korean,M
Lee Jinhyuk,UP10TION,Lee Jin Hyuk,Korean,M
Kookheon,MYTEEN,Kim Kook Heon,Korean,M
Hyeonsu,BLK,Kang Hyeon Su,Korean,M
Byungchan,VICTON,Choi Byung Chan,Korean,M
Produce X,!NONE!GROUP!,Produce X,!NONE!NATIONALITY!,M
Produce Y,!NONE!GROUP!,Produce X,!NONE!NATIONALITY!,M
Produce Z,!NONE!GROUP!,Produce X,!NONE!NATIONALITY!,M
Produce AA,Pretty Pretty team,Produce X 101 Concept Evaluation - ì´ë»ì´ë» íŒ€,!NONE!NATIONALITY!,M
Produce 96,Move team,Produce X 101 Concept Evaluation - ì›€ì§ì—¬ íŒ€,!NONE!NATIONALITY!,M
Yanjun,!NONE!GROUP!,Lin Yanjun,!NONE!NATIONALITY!,M
Young,!NONE!GROUP!,Heo Young Saeng,!NONE!NATIONALITY!,M
Ayeon,Saturday,Son Minji,!NONE!NATIONALITY!,F
Minseo,Saturday,Park Minseo,!NONE!NATIONALITY!,F
Juyeon,Saturday,Â Lee Juyeon,!NONE!NATIONALITY!,F
Yuki,Saturday,"Im Jiyeon(ìž„ì§€ì—°) Positions: Lead Vocalist, Lead Dancer Birthday: January 30, 2002 Zodiac Sign: Aquarius Height: 161 cm",!NONE!NATIONALITY!,F
Chaewon,Saturday,Â Chaewon,!NONE!NATIONALITY!,F
Yanan,Pentagon,Yan An,Chinese,M
Haneul,Saturday,Choi Haneul,!NONE!NATIONALITY!,F
Ryujin,ITZY,Shin Ryujin,!NONE!NATIONALITY!,F
Chaeryeong,ITZY,Lee Chaeryeong,!NONE!NATIONALITY!,F
Yuna,ITZY,Shin Yuna,!NONE!NATIONALITY!,F
Lia,ITZY,Choi Jisu,!NONE!NATIONALITY!,F
Yeji,ITZY,Hwang Yeji,!NONE!NATIONALITY!,F
Sunha,!NONE!GROUP!,Goo Sunha,!NONE!NATIONALITY!,F
Tablo,!NONE!GROUP!,Tablo,!NONE!NATIONALITY!,M
Sion,Saturday,Kim Sion,!NONE!NATIONALITY!,F
Chohee,Saturday,Chohee,!NONE!NATIONALITY!,F
Kahi,!NONE!GROUP!,Â Park Ji Young,!NONE!NATIONALITY!,F
Bekah,!NONE!GROUP!,Â Rebecca Kim,!NONE!NATIONALITY!,F
So-young,After School,Â Yoo So Young,!NONE!NATIONALITY!,F
Joo-yeon,After School,Â Lee Joo Yeon,!NONE!NATIONALITY!,F
Jung Ah,!NONE!GROUP!,Â Kim Jung Ah,!NONE!NATIONALITY!,F
Sooah,!NONE!GROUP!,Â Park Soo Young,!NONE!NATIONALITY!,F
Kaeun,After School,Â Lee Ka Eun,!NONE!NATIONALITY!,F
8-Young,After School,Â Noh Lee Young,!NONE!NATIONALITY!,F
Nana,After School,Â Im Jin Ah,!NONE!NATIONALITY!,F
Wooseok,Pentagon,Jung Wooseok,Â Korean,M
Winda,After School,Â Oh Hye Rin,!NONE!NATIONALITY!,F
Uilee,!NONE!GROUP!,Â Kim Yoo Jin,!NONE!NATIONALITY!,F
LIINO,Kwon Hyunbin,Kwon Hyunbin,Â Korean,M
BT,KARD,"Matthew Kim Birthday: October 20, 1992 Zodiac Sign: Libra Height:Â 187 cm",!NONE!NATIONALITY!,M
Jonkhun,!NONE!GROUP!,Nichkhun Buck Horvejkul,Thai/American,M
Jecscica,!NONE!GROUP!,Taecyeon,!NONE!NATIONALITY!,M
Nada,!NONE!GROUP!,Â Yoon Ye Jin,!NONE!NATIONALITY!,F
US,24K,Â Kim Jeong Uk,!NONE!NATIONALITY!,M
Youngjae,!NONE!GROUP!,Youngjae,!NONE!NATIONALITY!,M
Jongup,!NONE!GROUP!,Jongup,!NONE!NATIONALITY!,M
Himchan,!NONE!GROUP!,Â Kim Himchan,Â Korean,M
Mello,!NONE!GROUP!,Zelo,!NONE!NATIONALITY!,M
Yongguk,!NONE!GROUP!,Â Bang Yongguk,Korean,M
Hanbit,!NONE!GROUP!,Choi Han-Jin but she legally changed it to Choi Han-bit,!NONE!NATIONALITY!,F
Gikwang,Highlight,Lee Gikwang,!NONE!NATIONALITY!,M
POLmoooonbin,!NONE!GROUP!,Â DALsooobin,!NONE!NATIONALITY!,F
EU:na,!NONE!GROUP!,Â Kim Yu-na,!NONE!NATIONALITY!,F
Yongho,1THE9,Yongha,Â Korean,M
TAEwoo,1THE9,Â Kim Taewoo,Â Korean,M
Yechan,1THE9,Yechan,Â Korean,M
Sung-w-n,1THE9,Â Park Sungwon,Â Korean,M
m-!-w,!NONE!GROUP!,Â MiSO,!NONE!NATIONALITY!,F
Toobi,SHINee,Lee Jin Ki,!NONE!NATIONALITY!,M
Minho,SHINee,"Â Choi Min HoÂ (ìµœë¯¼í˜¸) Position:Â Main Rapper, Vocalist, Visual Birthday:Â December 9, 1991 Zodiac Sign: Sagittarius Hometown: Incheon, South Korea Height: 184 cm",!NONE!NATIONALITY!,M
Jimin,Play M BOYS,Â Lim Jimin |,Korean,M
Baby Ho,Jung Daehyun,Baby Hyun,!NONE!NATIONALITY!,M
Bindong,!NONE!GROUP!,Kwak Dong Yeon,!NONE!NATIONALITY!,M
Ilhoon,BTOB,Jung Ilhoon,!NONE!NATIONALITY!,M
Gongmyung,!NONE!GROUP!,Â Kim Dong-hyun,!NONE!NATIONALITY!,M
Taekhyeon,1THE9,Â Jung Taekhyeon,Â Korean,M
Junseo,1THE9,Kim Junseo,Korean,M
Poririn,KARD,Jeon So Min,!NONE!NATIONALITY!,F
JAECOB,Block B,Â Woo Jiho,!NONE!NATIONALITY!,M
Mino,WINNER,Â Song Min Ho,!NONE!NATIONALITY!,M
Jae,Day6,Â Park Jae Hyung,Korean-American,M
Jinsung,1THE9/Play M BOYS,Â Jung Jin Sung,!NONE!NATIONALITY!,M
Hyeongbin,Play M BOYS,Hyeongbin,Korean,M
Byeonghee,Play M BOYS,Â Song Byeong Hee,Korean,M
Seunghwan,1THE9/Play M BOYS,Â Lee Seung Hwan,Korean,M
Doyum,1THE9/Play M BOYS,Â Jeon Do Yum,Korean,M
Roh Taehyun,!NONE!GROUP!,Roh Tae-hyun,Korean,M
Jion,N.TIC,Kim Jion,!NONE!NATIONALITY!,M
May,Cherry Bullet,Hirokawa Mao,!NONE!NATIONALITY!,F
Linlin,Cherry Bullet,Huang Tzu Ting,!NONE!NATIONALITY!,F
Chaerin,Cherry Bullet,Park Chaerin,!NONE!NATIONALITY!,F
Remi,Cherry Bullet,Â Katsuno Rise,!NONE!NATIONALITY!,F
Kokoro,Cherry Bullet,KatÅ Kokoro,!NONE!NATIONALITY!,F
Jiwon,Cherry Bullet,Heo Jiwon,!NONE!NATIONALITY!,F
Bora,Cherry Bullet,Kim Bora,!NONE!NATIONALITY!,F
Yuju,Cherry Bullet,Choi Yuju,!NONE!NATIONALITY!,F
Haeyoon,Cherry Bullet,Park Haeyoon,!NONE!NATIONALITY!,F
Ella,Pixy,Kim Kyungjoo,Â Korean,F
Taehyun,TXT,Â Kang Tae Hyun,Korean,M
Beomgyu,TXT,Â Choi Beom Gyu,Â Korean,M
Huening Kai,TXT,"Â Kai Kamal Huening Position:Â Vocalist, Dancer, Rapper, Visual, Maknae Birthday:Â August 14th, 2002 Zodiac Sign:Â Leo Height: 183 cm",Korean-American,M
MJ,Astro,Kim Myung Jun,!NONE!NATIONALITY!,M
Soobin,TXT,Â Choi Soobin,Korean,M
Yeonjun,TXT,Â Choi Yeon Jun,Korean,M
HAEYONG,!NONE!GROUP!,Â Lee Min Hyuk,South,M
Shuihun,G,Â Yeh Shuhua,Â Taiwanese,F
Yuya,G,Â Song Yu Qi,Â Chinese,F
Soojin,G,Â Seo Su-jin,Â Korean,F
Minnie,G,Nicha Yontararak,Â Thai,M
Miyeon,G,Â Jo Mi-yeon,Â Korean,F
Eunbin,CLC,Â Kwon Eun Bin,Korean,F
Reinie,CLC,Â Chong Ting Yan,Â Hongkonger,F
Yeeun,CLC,Â Jang Ye Eun,Korean,F
Sablo,CLC,Â Chonnasorn Sajakul,Thai,F
Yujin,CLC,Â Choi Yu Jin,Korean,F
Seunghee,CLC,Â Oh Seung Hee,Korean,F
Seungyeon,CLC,Â Jang Seung Yeon,Korean,F
Ren,Nu'est,Â Choi Min Ki,!NONE!NATIONALITY!,M
Baekho,Nu'est,Â Kang Dong Ho,!NONE!NATIONALITY!,M
Aron,Nu'est,Â Aaron Kwak Korean Name:Â Kwak Young Min,!NONE!NATIONALITY!,M
JR,Nu'est,Â Kim Young Hyun,!NONE!NATIONALITY!,M
Chani,SF9,Â Kang Chanhee,Â Korean,M
Hwiyoung,SF9,Â Kim Youngkyun,Â Korean,M
Taeyang,SF9,Â Yoo Tae Yang,Â Korean,M
Rowoon,SF9,Â Kim Seokwoo,Â Korean,M
Zuho,SF9,Â Baek Juho,Â Korean,M
Dawon,SF9,Â Lee Sanghyuk,Â Korean,M
Roi,Target,Joo Young-Woong,!NONE!NATIONALITY!,M
Jaeyoon,SF9,Â Lee Jaeyoon,Â Korean,M
Inseong,SF9,Â Kim Inseong,Â Korean,M
Youngbin,SF9,Â Kim Youngbin,Â Korean,M
Seonghwa,ATEEZ,Â Seonghwa,!NONE!NATIONALITY!,M
Yunho,ATEEZ,Â Jung Yun Ho,!NONE!NATIONALITY!,M
Mingi,ATEEZ,Â Song Min Gi,!NONE!NATIONALITY!,M
San,ATEEZ,Choi San,!NONE!NATIONALITY!,M
Hongjoong,ATEEZ,Â Kim Hong Joong,Korean,M
Yeosang,ATEEZ,Â Kang Yeo Sang,!NONE!NATIONALITY!,M
Jongho,ATEEZ,Â Choi Jong Ho,!NONE!NATIONALITY!,M
Wooyoung,ATEEZ,Â Jung Woo Young,!NONE!NATIONALITY!,M
Dajun,NCT/WayV,Â Xiao Dejun,Chinese,M
Flynn,WayV,Â Wong Kunhang,Chinese.,M
YangLiu,WayV,Â Liu YangYang,Taiwanese-German.,M
Yeonjung,WJSN/I.O.I.,Yu Yeonjung,!NONE!NATIONALITY!,F
Dayoung,WJSN,Lim Dayoung,!NONE!NATIONALITY!,F
Yeoreum,WJSN,Lee Jinsuk,!NONE!NATIONALITY!,F
Meimei,WJSN,Meng Mei Qi,!NONE!NATIONALITY!,F
Chengxin,WJSN,Cheng Xiao,!NONE!NATIONALITY!,F
Eunseo,WJSN,Son Juyeon,!NONE!NATIONALITY!,F
Dawon,WJSN,Nam Dawon,!NONE!NATIONALITY!,F
Puma,WJSN,Lee Luda,!NONE!NATIONALITY!,F
Soobin,WJSN,Park Soobin,!NONE!NATIONALITY!,F
Fari,WJSN,Kim Jiyeon,!NONE!NATIONALITY!,F
Xuyi,WJSN,Wu Xuan Yi,!NONE!NATIONALITY!,F
Solalu,WJSN,Kim Hyun Jung,!NONE!NATIONALITY!,F
UTE,WJSN,Chu So Jung,!NONE!NATIONALITY!,F
Chaeyeon,IZONE,Â Lee Chaeyeon,!NONE!NATIONALITY!,F
Minjoo,IZONE,Â Kim Minjoo,!NONE!NATIONALITY!,F
Chaewon,IZONE,Â Kim Chaewon,!NONE!NATIONALITY!,F
Hitomi,IZONE/AKB48,Â Honda Hitomi,!NONE!NATIONALITY!,F
Hyewon,IZONE,Â Kang Hyewon,!NONE!NATIONALITY!,F
Eunbin,IZONE,Â Kwon Eunbi,!NONE!NATIONALITY!,F
Nako,IZONE/HKT48,Â Yabuki Nako,!NONE!NATIONALITY!,F
Yujin,IZONE,Â Ahn Yujin,!NONE!NATIONALITY!,F
Yena,IZONE,Â Choi Yena,!NONE!NATIONALITY!,F
Yuri,IZONE,Â Jo Yuri,!NONE!NATIONALITY!,F
Sakura,IZONE/HKT48,Â Miyawaki Sakura,!NONE!NATIONALITY!,F
Wonyoung,IZONE,Â Jang Wonyoung,!NONE!NATIONALITY!,F
Taemin,SHINee,Â Taemin,!NONE!NATIONALITY!,M
Jeonghwa,EXID,Park Jung Hwa,!NONE!NATIONALITY!,F
Hyerin,EXID,Seo Hye Rin,!NONE!NATIONALITY!,F
Hani,EXID,Ahn Hee Yeon,!NONE!NATIONALITY!,F
BE,EXID,Ahn Hyo Jin,!NONE!NATIONALITY!,F
Solji,EXID,Heo Solji,South,F
Doyeon,I.O.I./Weki Meki,Â KimÂ Do-yeon,!NONE!NATIONALITY!,F
Nayoung,I.O.I./Pristin,Im Na Young,!NONE!NATIONALITY!,F
Mina,I.O.I./Gugudan,Â Kang Mina,Â Korean,F
Yoojung,I.O.I./Weki Meki,Â Choi Yoo Jung,Â Korean,F
C-Horse,!NONE!GROUP!,Kwon Ji Yong,!NONE!NATIONALITY!,M
Jianji,!NONE!GROUP!,Jieqiong,!NONE!NATIONALITY!,F
Chaeyeon,DIA,Jung Chae Yeon,!NONE!NATIONALITY!,F
Lock,SHINee,Kim Kibum,!NONE!NATIONALITY!,M
Arin,Oh My Girl,Choi Ye-won,!NONE!NATIONALITY!,F
Sinnie,Oh My Girl,Bae Yubin,!NONE!NATIONALITY!,F
Yooa,Oh My Girl,Yoo Yeonjoo,!NONE!NATIONALITY!,F
Jiho,Oh My Girl,Kim Jiho,!NONE!NATIONALITY!,F
Seunghee,Oh My Girl,Hyun Seung-hee,!NONE!NATIONALITY!,F
Mimi,Oh My Girl,Kim Mihyun,!NONE!NATIONALITY!,F
Hyojung,Oh My Girl,Choi Hyo-jung,!NONE!NATIONALITY!,F
Sanha,Astro,Yoon San Ha,!NONE!NATIONALITY!,M
Eunwoo,Astro,Lee Dong Min,!NONE!NATIONALITY!,M
Marshmallow,Astro,Park Min Hyuk,!NONE!NATIONALITY!,M
Moonbin,Astro,Moon Bin,!NONE!NATIONALITY!,M
JinJin,Astro,Park Jin Woo,!NONE!NATIONALITY!,!NONE!GENDER!
Yuri,!NONE!GROUP!,Yuri,!NONE!NATIONALITY!,F
Rainy,!NONE!GROUP!,Lee Soon Kyu,!NONE!NATIONALITY!,F
Seohyun,!NONE!GROUP!,Â Seo Joo Hyun,!NONE!NATIONALITY!,F
Kunda,Nine Percent,Â Cai XuKun,Â Chinese,M
Hansol,New Kidd,"Â Ji Han-solÂ (ì§€í•œì†”) Birthday:Â November 21, 1994 Zodiac Sign:Â Scorpio Height:Â 182 cm",!NONE!NATIONALITY!,M
Jaemin,NCT,Â Na Jae Min,!NONE!NATIONALITY!,M
Jisung,NCT,Â Park Ji Sung,!NONE!NATIONALITY!,M
Chenle,NCT,Â Zhong Chen Le,!NONE!NATIONALITY!,M
Haechan,NCT,Lee Dong Hyuck,!NONE!NATIONALITY!,M
Jeno,NCT,Lee Je No,!NONE!NATIONALITY!,M
Renjun,NCT,Huang Ren Jun,!NONE!NATIONALITY!,M
Haknyeon,The Boyz,Ju Hak Nyeon,!NONE!NATIONALITY!,M
Mark,NCT,Mark Lee Korean Name: Lee Min Hyung,!NONE!NATIONALITY!,M
Lucas,WayV,Huang Xuxi / Wong Yuk-hei,!NONE!NATIONALITY!,M
Jungwoo,NCT,Kim Jung Woo,!NONE!NATIONALITY!,M
Vique,WayV,Dong Si Cheng,!NONE!NATIONALITY!,M
Jaehyun,NCT,"Jung Jae Hyun, but he legalized to Jung Yoon Oh",!NONE!NATIONALITY!,M
TwentyFour,WayV,Chittaphon Leechaiyapornkul,!NONE!NATIONALITY!,M
Doyoung,NCT,Kim Dong Young,!NONE!NATIONALITY!,M
Kun,WayV,Qian Kun,!NONE!NATIONALITY!,M
Yuta,NCT,Yuta,!NONE!NATIONALITY!,M
Johnny,NCT,Seo Young Ho,!NONE!NATIONALITY!,M
Taeil,NCT,Moon Tae Il,!NONE!NATIONALITY!,M
Taeyong,NCT,Lee Tae Yong,!NONE!NATIONALITY!,M
Sohee,ELRIS,Kim So-hee,!NONE!NATIONALITY!,F
Eric,The Boyz,Son Young Jae,Korean-American,M
T.O,Stray Kids,"YangÂ Jeong-inÂ (ì–‘ì •ì¸) Birthday:Â FebruaryÂ 8,Â 2001 Zodiac Sign:Â Aquarius Height: 172 cm",!NONE!NATIONALITY!,M
Seungmin,Stray Kids,Â KimÂ Seung-min,!NONE!NATIONALITY!,M
Felix,Stray Kids,Â LeeÂ Felix,!NONE!NATIONALITY!,M
Han,Stray Kids,Â HanÂ Ji-sung,!NONE!NATIONALITY!,M
Sunwoo,The Boyz,Kim Sun Woo,Korean,M
X,The Boyz,Ji Chang Min,!NONE!NATIONALITY!,M
unXpa,The Boyz,Choi Chan Hee,!NONE!NATIONALITY!,M
Kevin,The Boyz,Kevin Moon,Korean-Canadian,M
Juyeon,The Boyz,Lee Ju Yeon,Korean,M
Hyunjae,The Boyz,Lee Jae Hyun,Korean,M
Younghoon,The Boyz,Kim Young Hoon,Korean,M
Jacob,The Boyz,Â Jacob Bae,Korean-Canadian,M
Sangyeon,The Boyz,Lee Sang Yeon,Korean,M
Hyoyeon,!NONE!GROUP!,Kim Hyo Yeon,!NONE!NATIONALITY!,F
MaB,GFriend,"Â Hwang Eun BiÂ (í™©ì€ë¹„) Position:Â Main Dancer, Vocalist, Center Birthday:Â June 3, 1998 Zodiac Sign:Â Gemini Height:Â 167 cm",!NONE!NATIONALITY!,F
Eunha,GFriend,Â Jung Eun Bi,!NONE!NATIONALITY!,F
Umji,GFriend,Â Kim Ye Won,!NONE!NATIONALITY!,F
Sowon, GFriend,Kim So Jung,!NONE!NATIONALITY!,F
Victoria,!NONE!GROUP!,Song Qian,Chinese,F
Leo,formerly Stray Kids,Kim Woo-jin,!NONE!NATIONALITY!,M
Hyunjin,Stray Kids,Hwang Hyun-jin,!NONE!NATIONALITY!,M
Changbin,Stray Kids,Seo Chang-bin,!NONE!NATIONALITY!,M
Shaknow,Stray Kids,Lee Min Ho,!NONE!NATIONALITY!,M
Bangbang,Stray Kids,Christopher Bang Korean Name: Bang Chan,!NONE!NATIONALITY!,M
Sooyoung,!NONE!GROUP!,Choi Soo Young,Korean,F
Yerin,GFriend,Â Jung Ye Rin,!NONE!NATIONALITY!,F
Sejeong,!NONE!GROUP!,Â Sejeong,!NONE!NATIONALITY!,F
Yuju,Gfriend,Â Choi Yu Na,!NONE!NATIONALITY!,F
So,!NONE!GROUP!,Â Kim So Hye,Â Korean,F
Jenny,!NONE!GROUP!,Tiffany Hwang,!NONE!NATIONALITY!,F
Masa,!NONE!GROUP!,Â Ahn Hye-jin,!NONE!NATIONALITY!,F
Woowoo,!NONE!GROUP!,Â Jung Whee-in,!NONE!NATIONALITY!,F
Byulyi,MAMAMOO,Â Moon Byul-yi,!NONE!NATIONALITY!,F
Yongsun,MAMAMOO,Â Kim Yong-sun,!NONE!NATIONALITY!,F
Taeri,!NONE!GROUP!,Kim Tae Yeon,Korean,F
Yeojin,LOONA,Im Yeojin,!NONE!NATIONALITY!,F
Olivia,LOONA,Son Hyejoo,!NONE!NATIONALITY!,F
Aepple,LOONA,Â Choi Yerim,!NONE!NATIONALITY!,F
s0w0n,LOONA,Park Chaewon,!NONE!NATIONALITY!,F
Hyunjin,LOONA,Kim Hyunjin,!NONE!NATIONALITY!,F
Heejin,LOONA,Jeon Hee Jin,Â Korean,M
Chuu,LOONA,Kim Jiwoo,!NONE!NATIONALITY!,M
Lash,LOONA,Kim Jungeun,!NONE!NATIONALITY!,F
Jinsoul,LOONA,Jung Jinsoul,!NONE!NATIONALITY!,F
Camera,LOONA,Ha Sooyoung,!NONE!NATIONALITY!,F
Bibi,LOONA,Wong Gaahei,!NONE!NATIONALITY!,F
Haseul,LOONA,Jo Haseul,!NONE!NATIONALITY!,F
Yuni,!NONE!GROUP!,Â Im Yoon Ah,!NONE!NATIONALITY!,F
NIGHT,!NONE!GROUP!,Â Park Sun Young,Korean,F
Kat,!NONE!GROUP!,Chrystal Soo Jung,!NONE!NATIONALITY!,F
Yein,Lovelyz,"Jung Ye In Position: Vocalist, Maknae Place Of Birth: Incheon, South Korea Birthday: June 4, 1998 Zodiac sign: Gemini Height: 166 cm",!NONE!NATIONALITY!,F
Sujeong,Lovelyz,"Ryu Soo JungÂ (ë¥˜ìˆ˜ì •) Position: Lead Vocalist Place Of Birth: Daejeon, South Korea Birthday: November 19, 1997 Zodiac sign: Scorpio Height: 168 cm",!NONE!NATIONALITY!,F
Jin,Lovelyz,"Park Myung Eun Position: Main Vocalist Place Of Birth: Busan, South Korea Birthday: June 12, 1996 Zodiac sign: Gemini Height: 165 cm",!NONE!NATIONALITY!,F
Kei,Lovelyz,"Kim Ji Yeon Position: Main Vocalist Place Of Birth: Incheon, South Korea Birthday: March 20, 1995 Zodiac sign: Pisces Height: 162 cm",!NONE!NATIONALITY!,F
Mijoo,Lovelyz,Lee Mi Joo,!NONE!NATIONALITY!,F
Jisoo,Lovelyz,"Seo Ji Soo Position: Main Dancer, Vocalist Place Of Birth: Incheon, South Korea Birthday: February 11, 1994 Zodiac sign: Aquarius Height: 165 cm",!NONE!NATIONALITY!,F
Jiae,Lovelyz,"Yoo Ji Ae Position: Vocalist, Visual Place Of Birth: Seoul, South Korea Birthday: May 21, 1993 Zodiac sign: Gemini Height: 163 cm",!NONE!NATIONALITY!,F
Baby J,Lovelyz,Lee Soo Jung,!NONE!NATIONALITY!,F
Chan,iKon,Jung Chan Woo,!NONE!NATIONALITY!,M
Mar-C,iKon,Koo Jun Hoe,!NONE!NATIONALITY!,M
AQ,iKon,Kim Dong Hyuk,!NONE!NATIONALITY!,M
Bobby,iKon,Kim Ji Won,!NONE!NATIONALITY!,M
Music,iKon,Song,!NONE!NATIONALITY!,M
Jay,iKon,Kim Jin Hwan,!NONE!NATIONALITY!,M
P.U,iKon,Kim Han Bin,!NONE!NATIONALITY!,M
Henry,!NONE!GROUP!,"Henry Lau Chinese Name:Â Liu XianhuaÂ (åŠ‰æ†²è¯) Birthday: October 11, 1989 Zodiac Sign: Libra Height: 178 cm",!NONE!NATIONALITY!,M
Sohee,Nature,Sohee,!NONE!NATIONALITY!,F
Hayoung,!NONE!GROUP!,Â Oh Ha Young,!NONE!NATIONALITY!,F
Namjoo,Apink,Â Kim Nam Joo,!NONE!NATIONALITY!,F
Naeun,!NONE!GROUP!,Â Son Na Eun,!NONE!NATIONALITY!,F
Eunji,!NONE!GROUP!,"Â Jung Hye Rim, but she changed it to Jung Eun Ji Position:Â Main Vocalist, Face of the Group Birthday:Â August 18, 1993 Zodiac Sign:Â Leo Height:Â 162.3 cm",!NONE!NATIONALITY!,F
Bomi,!NONE!GROUP!,Â Yoon Bo Mi,!NONE!NATIONALITY!,F
Chorong,!NONE!GROUP!,Â Park Cho Rong,!NONE!NATIONALITY!,F
Soyeon,(G,Jeon Soyeon,!NONE!NATIONALITY!,F
Jessie,!NONE!GROUP!,Â Jessica,!NONE!NATIONALITY!,F
Daniel,!NONE!GROUP!,Â DanielÂ (ë‹¤ë‹ˆì—˜) / Kang Daniel,Â Korean,M
Meilin,!NONE!GROUP!,Â Lai Guan Lin,Â Taiwanese,M
Jihoon,!NONE!GROUP!,Jihoon,!NONE!NATIONALITY!,M
Daehwi,!NONE!GROUP!,"Â Lee DaehwiÂ (ì´ëŒ€íœ˜) Position:Â Lead Vocalist Birthday:Â JanuaryÂ 29, 2001 Zodiac Sign:Â Aquarius Nationality:Â Korean Height:Â 172 cm",!NONE!NATIONALITY!,M
Woojin,AB6IX,"Â Park Woo JinÂ (ë°•ìš°ì§„) Birthday:Â NovemberÂ 2, 1999 Zodiac Sign:Â Scorpio Chinese Zodiac Sign: Rabbit Nationality:Â Korean Height:Â 176 cm",!NONE!NATIONALITY!,M
Jinyoung,CIX,Â Bae Jinyoung,Â Korean,M
Jaehwan,!NONE!GROUP!,Jaehwan,Korean,M
Seongwoo,!NONE!GROUP!,Â Seongwoo,Â Korean,M
Minhyun,!NONE!GROUP!,"Â Hwang MinhyunÂ (í™©ë¯¼í˜„) Position:Â LeadÂ Vocal Birthday:Â AugustÂ 9, 1995 Zodiac Sign:Â Leo Nationality:Â Korean Height:Â 181 cm",!NONE!NATIONALITY!,M
Sungwoon,!NONE!GROUP!,Ha Sungwoon,!NONE!NATIONALITY!,M
Jisung,!NONE!GROUP!,Jisung,Korean,M
Hyuk,!NONE!GROUP!,Han Sang Hyuk,!NONE!NATIONALITY!,M
Hongbin,ex-VIXX,Lee Hong Bin,!NONE!NATIONALITY!,M
Mavi,VIXX,Kim Won Shik,!NONE!NATIONALITY!,M
Ken,VIXX,Lee Jae Hwan,!NONE!NATIONALITY!,M
Leo,VIXX,Jung Taek Woon,!NONE!NATIONALITY!,M
a.,VIXX,Cha Hak Yeon,!NONE!NATIONALITY!,M
Changmin,TVXQ,Shim Chang Min,!NONE!NATIONALITY!,M
Yunho,TVXQ,Jung Yun Ho,!NONE!NATIONALITY!,M
Lisa,Black Pink,Lisa,!NONE!NATIONALITY!,F
LILÉE,Black Pink,ROSÃ‰ Birth Name: Park Chae Young,!NONE!NATIONALITY!,F
Cathie,!NONE!GROUP!,Kim Jennie,!NONE!NATIONALITY!,F
Jisoo,Black Pink,Kim Ji Soo,!NONE!NATIONALITY!,F
Tzaeyeon,!NONE!GROUP!,Chou Tzuyu,Taiwanese,F
Chaeyoung,Twice,Son Chae Young,Korean,F
Big H,Twice,Kim Da Hyun,Korean,F
Mimi,!NONE!GROUP!,Myoui Mina,Japanese-American,F
AnA,!NONE!GROUP!,Minatozaki Sana,Japanese,F
WOWO,!NONE!GROUP!,Hirai Momo,Japanese,F
Jeongie,!NONE!GROUP!,Yoo Kyung Wan,Korean,F
Nayu,!NONE!GROUP!,Im Na Yeon,Korean,F
QHyo,!NONE!GROUP!,Park Ji Soo,Korean,F
Merry,Red Velvet,"Kim Ye Rim English Name: Katy Birthday: March 5, 1999 Zodiac sign: Pisces Height: 160 cm",!NONE!NATIONALITY!,F
Happy,Red Velvet,"Park Soo Young Birthday: September 3, 1996 Zodiac sign: Virgo Height: 168 cm",!NONE!NATIONALITY!,F
Windy,Red Velvet,"Wendy Son Korean Name: Son Seung Wan Birthday: February 21, 1994 Zodiac sign: Pisces Height: 160 cm",!NONE!NATIONALITY!,F
Seulgi,Red Velvet,Kang Seul Gi,!NONE!NATIONALITY!,F
Rira,Red Velvet,"Bae Ju Hyun Birthday: March 29, 1991 Zodiac sign: Aries Height: 160 cm",!NONE!NATIONALITY!,F
K. Bang,Tao,Huang Zitao,!NONE!NATIONALITY!,M
Ruhin,!NONE!GROUP!,Luhan,!NONE!NATIONALITY!,M
Chris,!NONE!GROUP!,Li Jiaheng but his name was changed to Wu Yifan,!NONE!NATIONALITY!,M
Hyunnie,!NONE!GROUP!,Oh Se Hun,Korean,M
Kai,EXO,Kim Jong In,Korean,M
C.A.,EXO,Do Kyung Soo,Korean,M
ChanLOW,EXO,Park Chan Yeol,Korean,M
Qin,EXO,Kim Jong Dae,Â Korean,M
Baewoo,EXO,Byun Baek Hyun,Korean,M
Recline,EXO,"Zhang Jiashuai, his legalized name is Zhang Yixing",Â Chinese,M
Minxu,EXO,Kim Min Seok,Korean,M
HOSU,EXO,Kim Jun Myeon,Korean,M
Seungkwan,Seventeen,Boo Seung Kwan,Korean,M
TREX,Seventeen,Lee Chan,Korean,M
QT,Seventeen,Lee Seokmin,Korean,M
Junjun,Seventeen,Wen Junhui,Chinese,F
Sora,Seventeen,Kwon Soonyoung,Korean,M
WHOMSTVE,Seventeen,Xu Minghao,Chinese,M
Ziwoo,Seventeen,Lee Jihoon,Korean,M
Lam.P,Seventeen,S.Coups,!NONE!NATIONALITY!,M
Wonwoo,Seventeen,Jeon Wonwoo,Korean,M
Jeonghan,Seventeen,Yoon Jeong Han,Korean,M
Mingyu,Seventeen,Kim Mingyu,Korean,M
Uncle,Seventeen,Hansol Vernon Chwe Korean Name: Choi Hansol,Â Korean-American,M
Joshua,Seventeen,Joshua Hong Korean Name: Hong Jisoo,Â Korean-American,M
U.R.,Monsta X,I.M,!NONE!NATIONALITY!,M
Hyungwon,!NONE!GROUP!,Hyungwon,!NONE!NATIONALITY!,M
Minhyuk,Monsta X,Minhyuk,!NONE!NATIONALITY!,M
Kihyun,!NONE!GROUP!,Kihyun,!NONE!NATIONALITY!,M
Showon,!NONE!GROUP!,Wonho,!NONE!NATIONALITY!,M
HoneyB,!NONE!GROUP!,Joohoney,!NONE!NATIONALITY!,M
Sayyu,!NONE!GROUP!,Shownu,!NONE!NATIONALITY!,M
Yugyeom,GOT7,Kim Yu Gyeom,Korean,M
Beer,GOT7,Kunpimook Bhuwakul Bambam,Thai,M
Jinyoung,Jr. GOT7,Park Jin Young,Korean,M
Youngjae,GOT7,Choi Young Jae,Korean,M
Michael,GOT7,Jackson Wang Birth Name: Wang Jia Er / Wang Ka Yee,!NONE!NATIONALITY!,M
Mark,GOT7,Mark Tuan,American,M
JK,GOT7,Im Jae Bum,Korean,M
Yijeong,HISTORY,"Jang Yi Jeong Position: Main Vocalist, Maknae Birthday: September 10, 1993 Zodiac Sign: Virgo Height: 173 cm",!NONE!NATIONALITY!,M
SMOL?,HISTORY's Jaeho,Kim Jae Ho,!NONE!NATIONALITY!,M
Sihyoung,HISTORY,"Sihyoung Birth Name: Kim Si Hyoung Position: Rapper, Visual Birthday: May 15, 1992 Zodiac Sign: Taurus Height: 182 cm",!NONE!NATIONALITY!,M
Dokyun,HISTORY,"Na Do Kyun Position: Main Vocalist Birthday: February 11, 1991 Zodiac Sign: Aquarius Height: 184 cm",!NONE!NATIONALITY!,M
Kyungil,HISTORY,"Song Kyung Il Position: Leader, Rapper, Sub-Vocalist Birthday: November 28, 1987 Zodiac Sign: Sagittarius Height: 183 cm",!NONE!NATIONALITY!,M
K.K.,BTS,Jung Ho Seok,!NONE!NATIONALITY!,M
Ken D,BTS,"Min Yoon Gi Birthday: March 9, 1993 Zodiac Sign: Pisces Height: 173.8 cm",!NONE!NATIONALITY!,M
Jin,BTS,Kim Seok Jin,!NONE!NATIONALITY!,M
Jenjen,,,,F
Plippy,,,,F
Han,,,,F
Sophie,,,,F
Bran,,,,M
Joseph,,,,M
Caz,,,,F
Freya,,,,F
Moo Moo,,,,M
